 Name/ Year,2022,2021,2020,2019,2018,2017,2016,2015,2014,2013,2012,2011,2010,2009,2008,2007,2006,2005,2004,2003,2002,2001,2000,1999,1998,1997,1996,1995,1994,1993,1992,1991,1990,1989,1988,1987,1986,1985,1984,1983,1982,1981,1980,1979,1978,1977,1976,1975,1974,1973,1972,1971,1970,1969,1968
Gurdaspur,161,156,158,162,NA,NA,198,198,225,212,212,274,246,270,204,253,226,195,172,209,176,172,148,165,115,162,130,112,115,NA,86,96,50,10,42,69,11,44,33,30,29,34,16,33,34,36,21,34,25,25,28,27,27,23,23
Pathankot,83,85,63,97,NA,NA,127,127,110,112,106,100,NA,NA,NA,NA,NA,NA,NA,NA,NA,NA,NA,NA,NA,NA,NA,NA,NA,NA,NA,NA,NA,NA,NA,NA,NA,NA,NA,NA,NA,NA,NA,NA,NA,NA,NA,NA,NA,NA,NA,NA,NA,NA,NA
Amritsar,343,231,190,299,NA,NA,284,284,249,278,283,273,204,155,77,170,212,265,246,263,279,275,220,253,187,218,241,203,224,NA,145,131,49,17,40,37,62,84,57,64,59,46,61,56,58,51,53,53,36,36,36,36,38,36,2
Tarn Taran,110,126,93,121,NA,NA,122,122,165,177,146,162,106,98,116,85,90,NA,NA,NA,NA,NA,NA,NA,NA,NA,NA,NA,NA,NA,NA,NA,NA,NA,NA,NA,NA,NA,NA,NA,NA,NA,NA,NA,NA,NA,NA,NA,NA,NA,NA,NA,NA,NA,NA
Kapurthala,118,102,121,184,NA,NA,172,172,174,155,200,159,108,122,112,113,113,116,98,93,83,66,80,87,96,125,63,63,80,NA,50,44,41,34,40,17,26,31,27,36,35,31,28,31,38,13,40,26,12,12,13,16,15,21,17
Jalandhar,197,306,223,322,NA,NA,362,362,329,341,431,370,266,290,252,250,236,280,205,184,155,176,155,199,163,156,180,190,207,NA,105,137,108,88,88,37,80,77,40,73,51,24,60,57,54,56,44,44,53,58,53,56,46,42,29
SBS Nagar,70,163,111,128,NA,NA,213,213,147,163,186,205,101,97,105,108,89,100,79,98,85,59,72,58,65,59,56,47,NA,NA,NA,NA,NA,NA,NA,NA,NA,NA,NA,NA,NA,NA,NA,NA,NA,NA,NA,NA,NA,NA,NA,NA,NA,NA,NA
Hoshiarpur,233,203,190,254,NA,NA,342,342,287,309,282,289,224,261,216,230,185,174,174,186,183,195,179,199,152,165,145,124,120,NA,56,56,69,76,39,90,33,40,28,52,32,30,25,22,19,22,46,30,20,21,13,15,32,27,14
Roopnagar,238,193,127,181,NA,NA,218,218,237,183,194,203,166,165,141,141,164,213,195,228,235,285,205,220,221,169,159,182,126,NA,76,83,117,125,92,70,48,52,40,51,44,1,31,21,25,19,18,23,19,1,17,21,21,15,6
SAS Nagar,287,260,247,282,NA,NA,249,249,226,289,305,323,258,196,196,229,145,NA,NA,NA,NA,NA,NA,NA,NA,NA,NA,NA,NA,NA,NA,NA,NA,NA,NA,NA,NA,NA,NA,NA,NA,NA,NA,NA,NA,NA,NA,NA,NA,NA,NA,NA,NA,NA,NA
Ludhiana,647,632,508,604,NA,NA,604,604,546,590,585,620,477,556,504,493,460,439,385,358,380,382,361,304,294,399,323,286,286,NA,159,237,197,210,158,174,185,142,86,122,108,71,72,130,90,66,64,68,51,85,65,65,62,44,33
Firozpur,134,152,119,136,NA,NA,164,164,183,149,160,148,164,166,138,129,120,104,109,78,95,120,98,91,153,145,87,94,97,NA,60,60,98,75,62,50,41,43,25,24,32,15,28,21,19,35,15,21,19,26,46,31,31,46,27
Fazilka,137,131,117,117,NA,NA,105,105,137,106,101,110,NA,NA,NA,NA,NA,NA,NA,NA,NA,NA,NA,NA,NA,NA,NA,NA,NA,NA,NA,NA,NA,NA,NA,NA,NA,NA,NA,NA,NA,NA,NA,NA,NA,NA,NA,NA,NA,NA,NA,NA,NA,NA,NA
Faridkot,103,89,107,106,NA,NA,117,117,114,115,120,113,56,62,75,61,58,31,38,46,37,52,37,33,34,33,31,31,89,NA,39,85,48,57,63,39,63,34,35,33,36,38,16,46,50,35,25,29,37,23,NA,NA,NA,NA,NA
Shri Muktsar Sahib,131,130,112,166,NA,NA,136,136,92,120,108,122,92,71,74,59,52,49,53,53,52,63,35,48,46,29,17,19,NA,NA,NA,NA,NA,NA,NA,NA,NA,NA,NA,NA,NA,NA,NA,NA,NA,NA,NA,NA,NA,NA,NA,NA,NA,NA,NA
Moga,201,185,173,110,NA,NA,232,232,207,145,207,175,88,111,95,100,78,84,81,56,87,80,71,63,54,56,67,33,NA,NA,NA,NA,NA,NA,NA,NA,NA,NA,NA,NA,NA,NA,NA,NA,NA,NA,NA,NA,NA,NA,NA,NA,NA,NA,NA
Bathinda,265,213,229,261,NA,NA,236,236,181,163,211,265,117,152,138,138,103,96,92,104,100,77,97,65,85,57,77,72,71,NA,37,43,44,51,53,50,41,37,29,41,32,31,33,34,29,28,19,27,20,20,22,20,26,23,19
Mansa,78,127,111,115,NA,NA,123,123,94,98,85,70,72,73,53,55,62,35,38,46,54,46,38,34,37,35,27,33,32,NA,11,NA,NA,NA,NA,NA,NA,NA,NA,NA,NA,NA,NA,NA,NA,NA,NA,NA,NA,NA,NA,NA,NA,NA,NA
Sangrur,229,257,241,240,NA,NA,254,254,253,215,216,277,212,204,179,156,162,157,196,200,179,197,182,157,149,161,116,111,119,NA,71,68,57,50,63,48,49,28,26,34,52,32,36,34,20,27,14,34,45,19,14,14,19,17,2
Barnala,79,95,117,117,NA,NA,126,126,125,108,113,98,86,79,67,78,70,NA,NA,NA,NA,NA,NA,NA,NA,NA,NA,NA,NA,NA,NA,NA,NA,NA,NA,NA,NA,NA,NA,NA,NA,NA,NA,NA,NA,37,NA,NA,NA,NA,NA,NA,NA,NA,NA
Patiala,412,430,339,354,NA,NA,378,378,389,424,394,407,348,357,306,314,309,329,319,367,349,327,318,281,334,288,270,225,188,NA,136,232,255,26,168,138,124,98,78,92,155,67,66,72,70,41,51,44,53,42,54,50,41,40,30
Fatehgarh Sahib,161,166,159,151,NA,NA,131,131,151,136,175,168,153,183,158,201,126,126,100,86,109,128,110,108,110,96,75,82,66,NA,45,59,NA,NA,NA,NA,NA,NA,NA,NA,NA,NA,NA,NA,NA,41,NA,NA,NA,NA,NA,NA,NA,NA,NA
